Nº;Proyecto;Emplazamiento;Provincia/Estado;País;Promotor;EPC;Responsable;Potencia AC (MW);Potencia DC (MWp);Modulista;Módulo;Potencia módulo (W);Cantidad módulos;String;Pitch;Tecnología;Inversor (tipo);Inversor (fabricante);Inversor (modelo);Total trackers;Trackers bifila;Trackers monofila;Concentradores;NCUs ethernet;NCUs FO;Total anemómetros;Anemómetros veleta;Anemómetros US;Sensor nieve;Alimentación RSUs;Alimentación TCUs;Panel FV;Panel FV (modelo);Batería TCU;Repetidores;Sistema control;Comunicaciones;Cold commissioning;Site;Escaneo;Offset;Hot commissioning;Estado PEM;Garantía;Inicio PEM;Final PEM;Duración PEM;Acceso remoto;lat;lng;Checklist PEM;Huecos
24002;El Burgo I;Zaragoza;Zaragoza;España;EIG;Xamai Global;Factiun;11;13.9586;JA Solar;JAM66D45-585-610-LB;605;23072;28;6;Bifacial;String;Sungrow;SG350HX;215;215;0;2;1;1;4;0;4;1;Selfpowered;String;-;-;6Ah;0;Sunner;Zigbee;Sí;Sí;Sí;Sí;Sí;En marcha;;;;;;41.575945;-0.798424;5/5;5
24007;Fayón;Fayón;Zaragoza;España;Bombeatec;Sorigues;Factiun;1.4;1.2566;Longi;LR7-72HGD-595M;595;2112;24/27;6;Bifacial;String;Sungrow;SG350HX;24;24;0;1;1;0;1;0;1;0;Selfpowered;Selfpowered;-;-;6Ah;0;Sunner;Zigbee;Sí;Sí;Sí;Sí;Sí;En marcha;Sí;2025-02-20;2025-02-20;1;No;41.227181;0.323531;5/5;0
24019;San José;La Joya;Arequipa;Perú;Acciona;Acciona;Factiun;;177.984;JA Solar;JAM66D45-585-610-LB;;288000;32;6.198;Bifacial;Central;;;2289;2289;0;21;18;3;8;0;8;0;Selfpowered;Selfpowered;45W;;6Ah;11;Sunner;Zigbee;;;;;;Sin comenzar;;;;;;-16.600313;-71.802688;;15
24021;Túnez;El Hamma;Gabes;Túnez;Bombeatec;Zwinenergy;Factiun;;0.9408;Phono;;700;1344;;6;Bifacial;String;;;19;19;0;1;1;0;1;0;1;0;Selfpowered;Selfpowered;45W;;6Ah;0;Sunner;Zigbee;Sí;Sí;Sí;Sí;Sí;En marcha;Sí;2026-02-06;2026-02-10;3;No;33.87878;9.87395;5/5;6
24024;Alconadre · Sodeto;Lalueza;Huesca;España;Bombeatec;;Factiun;;0.35;;;625;560;28;7.2;;;;;5;5;0;;;;;;;;;;;;;;;;;;;;;En marcha;;;;;;41.926278;-0.277708;;33
24024;Alconadre · San Miguel;Sena;Huesca;España;Bombeatec;;Factiun;;1.82;;;625;2912;28;7.2;;;;;32;30;2;;;;;;;;;;;;;;;;;;;;;En marcha;;;;;;41.607279;-0.140755;;33
24024;Alconadre · Peralta de Alcofea;Peralta de Alcofea;Huesca;España;Bombeatec;;Factiun;;1.4;;;625;2240;28;7.2;;;;;22;22;0;;;;;;;;;;;;;;;;;;;;;En marcha;;;;;;41.946462;-0.075749;;33
24025;Ayora;Jarafuel;Valencia;España;;Grupo Zaragozá;Factiun;;52.523;Risen;RSM132-8-695-720BNDG;710;73976;28;6;Bifacial;String;Huawei;;754;754;0;16;11;5;8;0;8;2;AC;String;-;;6Ah;5;Sunner;Zigbee;Sí;Sí;Sí;Sí;Sí;En marcha;Sí;03/08/2026;03/09/2026;20;Sí;39.121531;-1.154563;5/5;4
24029;La Latina 2;Borgo Piave;Latina;Italia;;Grupo Zaragozá;Factiun;;2.644;Risen;RSM132-8-695-720BNDG;710;3724;28;5,5;;;;;67;66;1;1;1;0;2;0;2;;AC;String;-;-;6Ah;;Sunner;Zigbee;;;;;;Sin comenzar;;;;;;41.450808;12.816564;;18
24030;Bagnarelli;Lucera;Foggia;Italia;;Grupo Zaragozá;Factiun;;0.9202;Risen;RSM132-8-695-720BNDG;710;1296;;5.5;Bifacial;String;Huawei;;17;17;0;1;1;0;2;0;2;0;Selfpowered;String;-;-;6Ah;0;Sunner;Zigbee;Sí;Sí;Sí;Sí;Sí;En marcha;Sí;2025-09-23;2025-09-25;3;Si;41.514694;15.267278;5/5;4
25004;Benante;Lentini;Siracusa (SR)-Catania (CT);Italia;;Acciona;Factiun;39.2;50.2;JA Solar;JAM66D45-620/LB;620 Wp;80972;31;;;Central;Sungrow;SG1100UD;653;653;0;;;;;;;;Selfpowered;Selfpowered;45W;;6Ah;;Sunner;Zigbee;;;;;;Sin comenzar;;;;;;37.3728;14.8976;;22
25004.2;Panbianco;Lentini;Siracusa (SR)-Catania (CT);Italia;;Acciona;Factiun;78.6;100.79;JA Solar;JAM66D45-620/LB;620 Wp;162564;31;;;Central;Sungrow;SG1100UD;1311;1311;0;;;;;;;;Selfpowered;Selfpowered;45W;;6Ah;;Sunner;Zigbee;;;;;;Sin comenzar;;;;;;37.3728;14.8976;;22
25019;Paramo;Villamañán;León;España;ITACyL;Sice;Factiun;;11.48736;Hanersun;HN21RN-66HT 605-630;620;18528;24/23;7;Bifacial;String;;;396;0;396;4;4;0;3;0;3;0;Selfpowered;Selfpowered;45W;;6Ah;0;Sunner;Zigbee;;;;;;Sin comenzar;;;;;;42.320778;-5.598944;;14
25032;Trani;Barletta;Apulia;Italia;;Comunitá Energetichá;Factiun;;0.8711;Trina;;610;1428;42/14;6;;;;;19;19;0;1;1;0;1;0;1;;Selfpowered;String;;;6Ah;0;Sunner;Zigbee;;;;;;Sin comenzar;;;;;;41.253973;16.350812;;20
25082;El polvorin + Higueras;Polvorin + Higueras;Badajoz;España;;Smart Renowables;Factiun;10;9.1562;Luxen Solar;Luxpower Series N6 685-710;710;12896;"31
16+15
8+8+8+7
5+5+4+4
3+3+3+4
24+23*3";4.5;Bifacial;;;;119;117;2;2;1;1;2;0;2;0;Selfpowered;Selfpowered;45W;;6Ah;0;Sunner;Zigbee;;;;;;Sin comenzar;;;;;;38.877504;-6.970863;;15
25120;Monteodorisio;Monteodorisio;Chieti;Italia;;Comunitá Energetichá;Factiun;;0.8648;Trina;TSM-NEG21C.20 685-710;710;1218;14/7;6;Bifacial;;;;30;18;12;1;0;1;1;0;1;0;Selfpowered;String;-;-;6Ah;0;Sunner;Zigbee;;;;;;Sin comenzar;;;;;;42.076444;14.602333;;15
25131;Galatina;Galatina;Lecce;Italia;;Comunitá Energetichá;Factiun;;0.9201;;;620;1484;28/14/7;5.9;;;;;18;16;2;1;1;0;1;0;1;0;Selfpowered;String;-;-;6Ah;0;Sunner;Zigbee;;;;;;Sin comenzar;;;;;;40.190222;18.160139;;18
25200;Ercolino;Ercolino;Pescara;Italia;;Sun city;Factiun;;5.0198;TW solar;TWMNF-66HD705~725W(B33-29&20);720;6972;28;6;Bifacial;;;;128;121;7;2;0;2;2;0;2;1;Selfpowered;Agri Selfpowered;45W;;6Ah;0;Sunner;Zigbee;;;;;;Sin comenzar;;;;;;42.502556;14.090556;;16
26009;Valle de Moinhos;Cartaxo;Santarem;Portugal;Green Venture;CJR;Factiun;;4.89048;Canadian Solar;TopBiHiKu7;710;6888;28;5;;;;;64;64;0;;;;;;;;Selfpowered;Selfpowered;45W;;6Ah;;Sunner;Zigbee;;;;;;Sin comenzar;;;;;;39.210367;-8.774147;;24
26057;Minervino;;;Italia;;Grupo Zaragozá;Factiun;;2.387;Risen;RSM132-8-720BNDG;735;3248;28;6;;;;;39;38;1;1;1;0;1;0;1;1;AC;String;;;;;Sunner;Zigbee;No;No;No;No;No;Sin comenzar;No;;;;;;;0/5;18
26078;Monsano;;;Italia;;Sun city;Factiun;;5.806;Yingli;;720;8064;;5;;;;;87;87;0;1;0;1;1;0;1;0;Selfpowered;Selfpowered;;;6Ah;0;Sunner;Zigbee;;;;;;Sin comenzar;;;;;;;;;24
26094;Conselice;;;Italia;;Igreen System;Factiun;;0.998;Jinko;TigerNeo 66HL5-BDV;720;1386;20;7;;;;;32;32;0;1;1;0;1;0;1;1;;String;;;6Ah;0;Sunner;Zigbee;;;;;;Sin comenzar;;;;;;44.570162;11.877814;;21
26102;Jabalí;Cáceres;Cáceres;España;;SolarTree;Factiun;;6.3504;Jinko;;720;8820;28/21/14;6.25;Bifacial;;;;104;101;3;2;2;0;2;0;2;1;Selfpowered;Selfpowered;45W;;6Ah;0;Sunner;Zigbee;;;;;;Sin comenzar;;;;;;39.463306;-6.297472;;17
26103;Piñuelas;Cáceres;Cáceres;España;;SolarTree;Factiun;;6.3504;Jinko;;720;8820;28/21/14;5,5/5,7/6;Bifacial;;;;93;91;2;1;1;0;2;0;2;1;Selfpowered;Selfpowered;45W;;6Ah;0;Sunner;Zigbee;;;;;;Sin comenzar;;;;;;39.460833;-6.289833;;17
26126.1;Tolocha I;Híjar;Teruel;España;Bruc;Zelestra;Factiun;;48.524;Longi;;652;74424;;5;;;;;775;775;0;;;;;;;;Selfpowered;Selfpowered;45W;;6Ah;;Sunner;Zigbee;;;;;;Sin comenzar;;;;;;41.041856;-0.454403;;26
26126.2;Sedeis VI;Híjar;Teruel;España;Bruc;Zelestra;Factiun;;44.965;Longi;;621;72408;28;5,5;;;;;754;754;0;;;;;;;;Selfpowered;Selfpowered;45W;;6Ah;;Sunner;Zigbee;;;;;;Sin comenzar;;;;;;41.047686;-0.442306;;25
26126.3;Ilio III;Híjar;Teruel;España;Bruc;Zelestra;Factiun;;23.213;Longi;;621;37380;;5,5;;;;;567;567;0;;;;;;;;Selfpowered;Selfpowered;45W;;6Ah;;Sunner;Zigbee;;;;;;Sin comenzar;;;;;;41.034787;-0.455362;;26
26246;Agraval;;;India;Cosmos;;Factiun;;1.498;Waaree;;615;2436;28;6;;;;;18;17;1;1;1;0;1;0;1;;;String;;;4,5Ah;0;KaiRi;Zigbee;;;;;;Sin comenzar;;;;;;21.521096;72.124651;;23
26322;Túnez;El Hamma;Gabes;Túnez;Bombeatec;;Factiun;;0.11928;Phono;;705;168;28;6;;;;;3;3;0;;;;;;;;Selfpowered;Selfpowered;45W;;6Ah;;Sunner;Zigbee;;;;;;Sin comenzar;;;;;;33.87878;9.87395;;26
26361;SAP Belcastro;;;Italia;;Greenergy;Factiun;;2.243;DMEG;;725;3094;26;6,584;;;;;79;0;79;1;1;0;1;0;1;;;Selfpowered;;;6Ah;0;Sunner;Zigbee;;;;;;Sin comenzar;;;;;;38.945831;16.898029;;23
26411;Tuva;;;India;Cosmos;;Factiun;;3.5;Waaree;;625;5600;28;6;;;;;40;40;0;1;1;0;1;0;1;0;;String;;;4,5Ah;0;KaiRi;Zigbee;;;;;;Sin comenzar;;;;;;22.593027;71.601735;;22